INSERT INTO Categories (CategoryID, CategoryName, Description) VALUES
    (1, 'Гантели', 'Товары для силовых тренировок'),
    (2, 'Тренажёры', 'Кардиотренажёры и силовые тренажёры'),
    (3, 'Коврики', 'Коврики для фитнеса и йоги'),
    (4, 'Штанги', 'Штанги и аксессуары для пауэрлифтинга'),
    (5, 'Эспандеры', 'Эспандеры для разминки и восстановления');

INSERT INTO Products (Name, CategoryID, Price, StockQuantity, Description, ImageURL) VALUES
    ('Гантели 5 кг', 1, 1500, 20, 'Удобные гантели для домашнего использования', 'data:image/jpeg;base64,/9j/4AAQSkZJRgABAQAAAQABAAD/2wCEAAkGBxISEhMQEBITFRIVFRAWFRAQFhUQEBASFRUWFhYVFRcYHSggGBolGxUVITEhJSkrLy4uFx8zODMtNygtLisBCgoKDg0OGhAQGy0lHx8tLS0tLS0tLS0tLS0tLS0tLS0tLS0tLS0tLS0tLS0tLS0tLS0tLS0tLS0tLS0tLS0tLf/AABEIAOEA4QMBEQACEQEDEQH/xAAbAAEAAgMBAQAAAAAAAAAAAAAABAUCAwYBB//EAD8QAAIBAgMGAgcECAYDAAAAAAABAgMRBAUhBhIxQVFhcZETIjKBobHRQlJywRQVIzNDU2KSB4KissLwFmPh/8QAGgEBAAMBAQEAAAAAAAAAAAAAAAECBAMFBv/EADIRAQACAgEDAgUCBAYDAAAAAAABAgMRBBIhMUFRBRMUImFxoRUyQlIzgZGxwdEj4fD/2gAMAwEAAhEDEQA/APuIAAAAAAAAAAAAAAAAAAAAAAAAAAAAAAAAAAAAAAAAAAAAAAAAAAAAAAAAAAAAAAAAAAAAAAAAAAAAAAAAAAAAAAAAAAAAAAAAAAAAAAAAAACvx+bQpvdXrT6LgvFnWmKbd2fNya4+3mUGOfSXtwVuqvY7fTRPiWSPiExP3QsaGZQl28eHmcbYbVa6cml0xO+qOTvE7ehIAAAAAAAAAAAAAAAAAAAAAAAAAAFVnmZ+ijux9t/6V18Ttix9U9/DLyc/y41HlyLq63N0R2ePM7na1y/Eq1pa9mcrxMeHfHqY7tuOw0VCVWhK0opt0+MZW1sujJx5Jm0VtHZTNh6azfHPePRGy3OotXUnGXNcjrk43fw5cb4jFo891zhs5v7Vn3WjMtuN7PTx86J8rOhiYz9l69HozNak18tlMtb+JbiroAAAAAAAAAAAAAAAAAAAAAAAMK1RRi5Pgk2/cTEbnSLTqNy4LMMU5zlOXFvy6I9LHXpjTw82TqtuUGVSx0Zpkp4qxE12mt9I+NziST3ZWL48Ub7uGfkTFZ0q8HOUnaN958EuZt3ER3eJFbdX2+U2nmE46P6FZxxLtXk3p2lZYTPGmtWmcb8eJbcPxDU+Xd5JmKrU977S0l+TPHz4vl20+q4fJjPj36+qwOLUAAAAAAAAAAAAAAAAAAAAAAVG02I3aW7zk15LX6HbBXdmXlX1TXu4itM9CHi2lCq1TpEM9pRKlct0uc3VuLq3OtY0yZLdUpuQYiMatJtP95a/JppK3u/MZNzWTFquSs/l2GaZbBybSRlx5baepn41LT4U9fKuhprm93n5ODHotdh8U6deVKT0lF8esdV8LmbnUi1ItHo2/BctsWacVvEw7h4qC4zj5o8vot7PppzY4/qhj+m0/vx80PlX9lfn4v7oZwxMHwnF+DRE0tHmFq5sdvEw2lXQAAAAAAAAAAAAAAAAAAFBtFD0j3ecY3X4m7RXvakvI0YZ6e7Fyq9XZxOMbi2no02mu56FdS8bJuvaVXXqHaIY72QatU6RDNa6JUkSrCfgd1Uoyk7evWs196NNOP8AqcSsz3062rqm59/+HTTzbeSfZHCMWmueVExEix5PQj50Sj4OpfEQtz3l5xaOlo+yWak75Fdeu/8AZd1ZVI8Kbkv6Gn8OPwOcTSfXTVf51f6d/pKvr56oO04Ti+k1uv4nWMUT4lmty7180mHuH2kpt2t720kRbB+Vqc7vqaugy7PHFqMr7r5PjbrF8zDm40TG4exxudMTFbf/AH6OnhNNJrVPmefMa7S9uJiY3DIhIB42BU4vaKhB7sW6kulPVefA0U417d57fqw5fiGGk6jvP4a6G0tJvdnGUH/UtGXnh39O7lT4pimdWiY/VbUcRGesZJ+BmtS1fMPQpkpeN1ltKrgAAAAAAAADnsXjN6cqaX7T7FtG46yla+l1Z27tGmKajfow2ybnp9VRjsHGtuUo29VK1e1pQpq8VTqR09feSS8Hwtr1pea92fLijJqv7/8Abjs5wNSjJqa0vZTV9yTsno/B8DfiyRfw8Tl4b4p7+PdUSZ2YoapXei4tpLxYdKwzp1XaMOUXJ27uyfwiiI87Tkn7dJsanc6Mc7bY12RMQtF5hJwNd+kUul38GVtH26XxXn5kW9lhSzarH2kyvyqy7Ry8tfMJtPP01aSuujV0Unj+ztX4jHizCdLB1fapQT6070/9tkR05K+JdIzcfJ5iGdHLaaVqdaoo8oztUin24NFZtePMLfKxTH22mP3dXs/jNyG5VqRduEldXXe/AwcjHNp6qw9rg5uinRe0T+V7Conwafg7mSYmPL0otE+JeVqsYRc5tKKTbb4JCImZ1Ba0VibW8Q+ebQbSTrtwptxo9ODn3l9D1sHFikbny+a5nxC2aemvav8Auj5dC50yOOCHQ0FFx3akVJdGjJMzE9noxWsxq0K/FfsnehU3bfw5u8fc+KO9bdXa8MmTHOLvitr8ejZgttHF7tRXto+fkyL8Gtu9TF8btSenJDo8DtBRqW9bdb+9w8zDfjXo9rDz8WSPOlsmZ20AAAAADyT0EInw4DaCbVRSTafJrRprVHpYo7aeJyJmLbhBW0G616Smp3k5VXzq+qox0tbRcuHDgWnBvxLnHN6fMb915i3vKcJbri47rpyV36Sdne9+HrrTw1M9e07ejeItExPiXI53kNOMJ1sPUvGm7TpyabjJNJpPrqtGbcWeZmItHl43J4NK1m+OfHmHKVZWt5mmWCkPcO9SYRkjssIlmSXoQk0JWUpdvzRErV7blthmHUr0OnzZ9YZ/pUXxRaIlztas+Yeb8S25c5irONVrhJjz5REzHiW6nj5rncrNKy615GSvqm0M6mtdfcc5wxLVTn3jumzz/wBJB06r3oPjGeqOX00Vnqr2lq/iXXXov3j8q2tQp8aX9jfyf1Otd/1MuSK+cf8AoYfGqLteUGvB2LTi3DlXl9M+sLOrtBaO7O10tKkfZkvDkzNPG77h6NfiMa6befdyePzCU29XY01pFWHLlnJKLSr2OkM9qbh0asoU6kXpNarpJaNHCZ3MxPo2UjopW1fEur2Ozht+gm+TcG+3GP5nn8vDr74e78N5UzPy7f5OtMD2QAAAAY1OD8GTHlE+HCZ5C7aPRxy8bkRtx+OTjxNdO7yM0TDPK8+lRcYzW/TU9+3209xw9V+D4PouBGXBFu8eVuPzrY51bvH7pG0GPoegVPDSuqlRznHXeXN71+HrW8jnhpbr3b0auVnxTi6cc/zTuXI1pammXn0js24PiTCuVPTLsunqYRptqztDxfyKz5XivZFVQnZ0NsZk7VmrNTG1ZqzUidq9LJTZG0TRl6Rko6XqqhGmSqg7k6l9b6kxJrfltw9FTp1ZOVnBKSXVcyt76mI92jDgi1bTvvClxDadn/1MjbpFWlVNQv09nR+nSjKnfRSUkum9FXKRG52ZLRWJr+dpOWYxwqQmuMZRfxKZabrMOvGzdOSLR6PrkXdJrmeC+zidxt6EgAAB5JaMQifDic4jqz0McvJzR3cxjIXvc01l5967UuJwvTyO8WYb4deEOpTaLbc+mYQpK7IdYnslUFYtDjedt9w5xBvCEzCJmeOjvRhrouXV/wDUUtOpacWKZrtppYiP3vMbTOOfZJp1ejT95LnNdNqqMnas1bVUG1eiGyNUnaOhmqqG0TRmpIbV6IZKw6k/KhrrtJExKs49I6xLinZ8VZ9yZWrExPZDxOK32m+KjFeNtLlI7NU7at4lGllhKjk23zsTHaGbLG5XNCik0zla0tOPHEal9cy93pU3/RD/AGo8K/8ANL7HD/h1/SEgq6AAAAA5DPqVpM24p3DzORXUy5XFI1Q8+0KysjrDPMIGIXEtDjaOyAonSHDbbEmFJZSlYEQwjK7S6v4krdPdHzPZjG0m5VKT1d7xcZLXXkzLFot4erNflxqY0qakZw9uMl4ponaOmLeGVPErsWi0KWxSm0K6fOxLhNEyLfVjqV+W2qo+xO0TR5vdvIttzmkt0aq7+VxtHTry9VZfeXv0A0Ymu+Hy1JhHTuUWtV9UTK9K90WEysS7zVtUiXPS3yqPMt6M8xu68w6u0lxbRxtPZqpHfT67h6e7GMekYryVjw7TudvrqR01iPZsIWAAAABVZ9gd+G9H2kuHVHbFfU6Z+Rj6o3DgMdCzPQq8a9e6oxB1hntCurl4cbIlRqPiXZ9I06z62C8Vhg6/cbW6HcbLbJzth8ZXlGFNzU/Rz9VunFXjK76u2nSz5mTLyY70q9Hj8CY6cl57eybtZmlNu0akJcfZkpfIjDW0R4Tyb0mfMOBzytUlBwpxk97i1yRecd59FK5sVY11Q5X9SV277k17mc/kX9mj63DEa3CThsurQfrKdteKfTRl647w435GG3s+g0Mg9JWoKjaGHnQo1Jym3KSlK+8o3fHQ4/OmsTvy1Rx63mOmO0w6n/wChL93iKi/FGMvlY5/VW9Ydp+H458SptpdjZYShLEelVSEXG6jBqSTdr8eGp1x8nqnWmbPwOis224mpjI8rmqLPLtjifDQ8Xct1HyninzJ2dLCpVuQtWmnkQmUijG7LQ42nUOhwELK4tLnjpvvLqdjcF6bERdvVh60vdwXmZOTk6aT+Xp8HD15Y9o7vph5T6IAAAAAABzG0uz7nepRWv2oLn3j9DVhza7WYeTxur7quDxWEmnZxafRo3VtDyL47eyvr4Odnux1LxeHK2G0x2hRYqMov100+6sdeqJ8OHRMT3hW4jFpcWUtfTRjxTPhqy/MLzUlBSS1SnrBvldfaXbg+emj5Reb9oaJxxijcugnWq15ekr1JVJPnNuVuy6LsjTixxWO0PO5Ge1p3MpNOkd4hhtZKpUiXKZme0LLDZfzl5c/ec7ZPZox8aZ73W+DwkPux96v8zha9vdux4McejKrh4p3h6rXTh5cCs0i8fdDpGS2Gf8Axzr8en+idl2ba+jk7S5dJeHfsYs3FmkdUd4erxPiVMtvl37W/af0/wClnjaka1KdGprGcXFrs0ZY7TuHp2iLVmJ9XxLNsunh6kqVRcL2lynHk0enS8WjcPncuG2O2pVu70LaRttgWhSWUoFkRL2mrhEzpbYKiX8M0/fK+w2HlPdjFNttJJcWzna0R3lopjm3aIfVdmsoWGoqH25azffp4I8jNl+Zbfo+j4uCMNNevqtji0gAAAAAAAGupRjL2oxf4kn8yYmYRMRPlqnl9F8acP7UT1290dFfZGq5DhpaSowa6NaeRMZLx6qzipPmHyP/ABUo0I1IYXDUKVOnbfnKnCMZ1ZXaScrX3VZu3V35I28ek3jqtLzeXlrimK0jTk8HhVHkehSmnj5ss2XFBHaGC8p2Hpt6qDkuyf5EzaHLptPonwxih/Dt8PyKzG/V1jL0f0tizZfd+JHQt9VPskYbPEnZQu/H/wCFZxR52vXmTH9KVKpUcfSOm9x/ahaaXjZ6ER071stfJMdU17fjug4yaklJcmdqRrtLJmvFoi1fROyvNXL9nN+suD+8vqeZy+N0T1V8PpfhXxH50fLyfzR+/wD7RdoFCpTcZx3unVPqnyMtLTWez1Mta3jUvnFWKUnH58TbTJEvIy4LUnt3hkonZlmWyNO5Kk20sMFgbiZiERS13Q5blk5tQpQcn2Xz6HG+WI7y14uPM9qw+kbNbNrDpVKlpVbeMYdl37nn5s837R4ezx+NGPvPl0JnawAAAAAAAAAAARczxG5TlLho9S1I3Olb21G3xHajEqtXc/spKK6vVv8AM9rBTpq+X5mf5mTsqJTXI7smm6jjKkVaMml20+I1BE68M55lVl7VSb8ZMiIiPCZ6p8y1vEPqy23PoPTMbOiGUK7Tum0+q0aG0dOk7A5pUpy3oTkm+OvHx6iYi3aUR1UndZ0s/wBYqpq0oy5uOkZeKLVjXZnzT1TvWpYVotJVIcny+y+XuJtEWjplXDa1JjJX0XdGCrQjNc1w6Pg153PDyU6LTX2fbYMsZscXj1Uub7KxqXaVn2Iiy80iXKYrI8RTdo3a76naMsx4llvxaT5hppYXE34fAn59lPo8Xs7nZHLIO36RCTfjaPwOd81mjFxscej6nllCnCNqcIxXSKsZLTMz3bq1rWO0JxVYAAAAAAAAAAAADif8RszcYKjB6v2uyN/DxxM9UvI+KciaV6K+ZfLKqvxPUfPRLXZBbchCHm6E7e2JRt6kSjbJEIZIlEt9KZMOdoWuXYhXtLWMtJLqhPhyp9tu/iXU7M4RpVKb1SkpQfWEl9Uzy+ZP3RZ9T8JiYxzSfSe36SuZYEx7er0tFTKU+KHUjp21xyCPQdaOhY4TKlHkRNtrRXS4wysUl0hLRCXoAAAAAAAAAAAAfHNr8d6SvUly3ml4Lge3x6dNIh8pzsnXkmXNM0MLGxCYb8FgJ1pONNXaV2m1HS6XPxRW14rG5dcWK2WdVTVs1ifuJeM4fU5/UUaI4Ob2/dsjstiP/WvGf0RH1NFo+H5fw0YzIq9KLnKKcVxlB7yXiuKXexemalp05ZeHlxxuY7K9HVkZIIllElWUijOxMOdod9sZiN7R/dfw1+p53Or229/4Pl39rro0zzXvs1TIGcYA0yUCEs4wCW1AegAAAAAAAAAADXXdoyfSMvkTHlFvEvhmZu8m+7Per4fHZe8q9ou4TDFkidkuOVCpvyi5LdlFpcdbdfA5ZaTeuoaeLnjDfql0dPaaEvYw9WX4bP5GWePMeZh6kc6Lfy0l68+qP2cFWfjvL/gR8mv90E8u/pjla4GUpQUpQdOT4wbu14nK0RE9mqkzasTMa/Dg80pRjWqxh7KnJJLgteC8OHuPSxzM1iZfPcisVyWiPG0ZF2dkiUNkGSrLsthJftUvxfJmLm/yPV+E/wCLD6HFHkPp2xRISzjEDJRCWSRA9JAAAAAAAAAAAAY1Y3TXVNeaJjtKJjcafDMwptTknxTa96Z7tZ3G3yWSNWmJQZRLs8w1tEqaWezmDjVrWmrxjFy3Xwk00kn21v7jjnvNa9mzg4q5MmrejssdjY0Yxe5Und2UaUb2sunJGGteqfL28mSMUR2mf0Qf18+WExL/AMjL/Jj+6HD6uf7Lf6I+NzfFTTjRwtWF/tyjJyXhokn31OlMVI72s5ZeTntGqUmPy5OtSlGTjNNST1T4p9zbWYmNw8W9bVtMW8sUiVXqYRtnAlV3P+HtG9SUvuxfm2l9TBzrfbp7Pwem7zPtD6BBHlvooboohLJIJegAAAAAAAAAAAAAAAPle3uVuliHNL1KnrLpf7S8/merxcnVTXs+e+IYejJ1ekuVcTXt50w1SiWc5hNyTFxo1VOd3G0k93V6rS3vSOWavXXUNHFyxiydU+HQvauguEKvlBf8jL9Nf3h6P8SxR6Sxe19L+XU97ivzJ+lt7n8Tx+0sXtjT/lS/uiPpZ90T8Tp/bLm8zxaq1Z1Ut1Sae63e2iXH3GzHXprFXk58sZMk3iPKM2XcZnb1BDbTjqExHd9T2GwDp0N+S1m7/wCVcPzPI5mTqvqPR9N8MwfLxbn1dTCJjek2BYAAAAAAAAAAAAAAAAAKvaLKY4mi6b0ktYS6S+j4HXDknHbbhyMEZqdM/wCT4/jsLKlOVOacZRdmmexW0WjcPmcmO1LdMozRZz0wlEnamnUSwNCdPD16rjCCglJJbvpJ6cWu+9cxdd4ma1evOLFalMl9RGm2EJfpUHUhTVC0lRcEnSvpuu9vasnx9wnXR28+q0RPzo6ojp9EjBLEarER3dbJwVDc3eru2/gUt0/0uuP5k76/+HG5th1TrVIRd0paPTVNJ8klz5G/FbqrEy8Lk0imWawinRwZwQTEOj2UyN16ibX7ONnKX5LuzLyM0Ur+Xo8LiTltufEPqtGKSSSskkklyR5Ey+liNRqEuJVZ6EgAAAAAAAAAAAAAAAABjMDmdpslp4lXfq1Fwmvk+qNGHNOOfwycnjVzR+fd82zLLqlCW7OPhJaxfgz08eWt47PBzce+KfuhXSqHSIZplhKs+F3ZcFfRFtQpN58MXPly6BWbT4Y6A7skhs6WcIiZWrRf5Ds7Os1KXq0+cnxf4VzM2bkRTx5ehxuDa/ee0PpeWYSNKCp042ivNvq+rPLvebTuXvY8daV6arSlTKOzcQkAAAAAAAAAAAAAAAAAAHjQEetQuTtGnP5zle+mvgy9ba8OV6xaNS4HM9maibcLeDNlOTaPLz8nAx28dlPPJcSv4d/CS/M7Ryo9mSfhk+ktf6rxH8mXnH6k/U1V/ht/eGUcqxL/AIMve4/Uj6qq0fDbe8JeH2fxUn+7S8ZfRFZ5Uey9fhs+sulybZSSalUs+1tDPfkWs2YuFSnfy7XBYHdSM0y3RXSzpUyq0QkIhZ6AAAAAAAAAAAAAAAAAAAAABprUFII0r62XlosrNUaWWroT1I6Xiy5dB1GmUcAug6jpb4YNLkRs0kwopEbW02xgDTdBELMwAAAAAAAAAAAAAAAAAAAAAAABYDFwQHno0A9GiEaNwBuBL1RAyJAAAAAAAAAAAAAAAAAAAAAAAAAAAAAAAAAAAAAAAAAAAAAAAAAAAAAAAAAAAAAAAAAAAAAAAAAAAAAAAAA//9k='),
    ('Тренажёр беговая дорожка', 2, 50000, 5, 'Электрическая беговая дорожка с дисплеем', 'https://example.com/treadmill.jpg'),
    ('Коврик для йоги', 3, 1000, 50, 'Мягкий нескользящий коврик для занятий йогой', 'https://example.com/yoga_mat.jpg'),
    ('Штанга 20 кг', 4, 3000, 10, 'Штанга для профессиональных тренировок', 'https://example.com/barbell.jpg'),
    ('Эспандер', 5, 500, 100, 'Универсальный эспандер для разминки', 'https://example.com/expander.jpg');

INSERT INTO Roles (RoleID, RoleName, Description) VALUES
    (1, 'Admin', 'Администратор с полным доступом'),
    (2, 'Editor', 'Редактор с доступом к управлению контентом'),
    (3, 'Customer', 'Клиент, покупающий товары');

INSERT INTO Users (Username, Email, PasswordHash, RoleID, RegistrationDate, LastLoginDate, IsActive) VALUES
    ('john_doe', 'john@example.com', 'hash1', 3, '2024-01-01', '2024-12-01', true),
    ('jane_smith', 'jane@example.com', 'hash2', 3, '2024-02-01', '2024-12-02', true),
    ('admin_user', 'admin@example.com', 'hash3', 1, '2024-03-01', '2024-12-03', true);

INSERT INTO Orders (OrderID, UserID, OrderDate, TotalAmount, OrderStatus) VALUES
    (1, 1, '2024-11-01', 15500, 'Обрабатывается'),
    (2, 2, '2024-11-02', 2000, 'Доставлено'),
    (3, 1, '2024-11-03', 500, 'Отменено');

INSERT INTO OrderDetails (OrderDetailID, OrderID, ProductID, Quantity, Price) VALUES
    (1, 1, 1, 2, 1500),
    (2, 1, 3, 1, 500),
    (3, 2, 5, 4, 500);

INSERT INTO Reviews (ReviewID, ProductID, UserID, Rating, Comment, ReviewDate) VALUES
    (1, 1, 1, 5, 'Отличное качество!', '2024-12-01'),
    (2, 2, 2, 4, 'Очень понравилось', '2024-12-02'),
    (3, 3, 3, 3, 'Среднее качество', '2024-12-03');
